{"playerPosition":{"x":6.329996109008789,"y":0.550000011920929}}